
INSERT INTO patient (name, date_of_birth, email, gender, blood_group, created_at) VALUES
('Aarav Sharma', '1990-05-10', 'aarav.sharma@example.com', 'MALE', 'O_POSITIVE', NOW()),
('Diya Patel', '1995-08-20', 'diya.patel@example.com', 'FEMALE', 'A_POSITIVE', NOW()),
('Dishant Verma', '1988-03-15', 'dishant.verma@example.com', 'MALE', 'A_POSITIVE', NOW()),
('Neha Iyer', '1992-12-01', 'neha.iyer@example.com', 'FEMALE', 'AB_POSITIVE', NOW()),
('Kabir Singh', '1993-07-11', 'kabir.singh@example.com', 'MALE', 'O_POSITIVE', NOW()),
('Priya Reddy', '1985-11-25', 'priya.reddy@example.com', 'FEMALE', 'B_POSITIVE', NOW()),
('Rohan Kumar', '1998-02-14', 'rohan.kumar@example.com', 'MALE', 'O_NEGATIVE', NOW()),
('Ananya Das', '1991-09-08', 'ananya.das@example.com', 'FEMALE', 'A_NEGATIVE', NOW()),
('Vikram Joshi', '1987-06-30', 'vikram.joshi@example.com', 'MALE', 'AB_NEGATIVE', NOW()),
('Sneha Gupta', '1994-04-18', 'sneha.gupta@example.com', 'FEMALE', 'B_NEGATIVE', NOW()),
('Arjun Mehta', '1989-07-22', 'arjun.mehta@example.com', 'MALE', 'O_POSITIVE', NOW()),
('Pooja Malhotra', '1996-01-12', 'pooja.malhotra@example.com', 'FEMALE', 'A_POSITIVE', NOW()),
('Rahul Bose', '1984-12-05', 'rahul.bose@example.com', 'MALE', 'B_POSITIVE', NOW()),
('Sunita Choudhury', '1997-03-28', 'sunita.choudhury@example.com', 'FEMALE', 'AB_POSITIVE', NOW()),
('Karan Kapoor', '1990-08-15', 'karan.kapoor@example.com', 'MALE', 'O_NEGATIVE', NOW()),
('Madhuri Sinha', '1986-10-03', 'madhuri.sinha@example.com', 'FEMALE', 'A_POSITIVE', NOW()),
('Sanjay Yadav', '1993-11-19', 'sanjay.yadav@example.com', 'MALE', 'B_POSITIVE', NOW()),
('Radhika Nair', '1995-05-07', 'radhika.nair@example.com', 'FEMALE', 'O_POSITIVE', NOW()),
('Amit Trivedi', '1988-09-14', 'amit.trivedi@example.com', 'MALE', 'A_NEGATIVE', NOW()),
('Swati Deshpande', '1992-02-27', 'swati.deshpande@example.com', 'FEMALE', 'AB_POSITIVE', NOW()),
('Rajiv Chawla', '1987-07-03', 'rajiv.chawla@example.com', 'MALE', 'B_NEGATIVE', NOW()),
('Meera Banerjee', '1994-12-11', 'meera.banerjee@example.com', 'FEMALE', 'O_POSITIVE', NOW()),
('Vishal Agarwal', '1991-04-25', 'vishal.agarwal@example.com', 'MALE', 'A_POSITIVE', NOW()),
('Anjali Saxena', '1989-06-08', 'anjali.saxena@example.com', 'FEMALE', 'B_POSITIVE', NOW()),
('Nitin Rao', '1996-08-30', 'nitin.rao@example.com', 'MALE', 'AB_NEGATIVE', NOW()),
('Shweta Menon', '1993-01-17', 'shweta.menon@example.com', 'FEMALE', 'O_NEGATIVE', NOW()),
('Deepak Pillai', '1985-03-22', 'deepak.pillai@example.com', 'MALE', 'A_POSITIVE', NOW()),
('Kavita Srinivasan', '1997-10-09', 'kavita.srinivasan@example.com', 'FEMALE', 'B_POSITIVE', NOW()),
('Manoj Dubey', '1990-11-14', 'manoj.dubey@example.com', 'MALE', 'AB_POSITIVE', NOW()),
('Preeti Chatterjee', '1988-05-06', 'preeti.chatterjee@example.com', 'FEMALE', 'O_POSITIVE', NOW()),
('Alok Mishra', '1994-07-29', 'alok.mishra@example.com', 'MALE', 'A_NEGATIVE', NOW()),
('Bhavna Rathi', '1992-09-12', 'bhavna.rathi@example.com', 'FEMALE', 'B_NEGATIVE', NOW()),
('Chetan Gowda', '1986-12-24', 'chetan.gowda@example.com', 'MALE', 'AB_POSITIVE', NOW()),
('Divya Thakur', '1995-02-18', 'divya.thakur@example.com', 'FEMALE', 'O_POSITIVE', NOW()),
('Esha Rawat', '1991-06-05', 'esha.rawat@example.com', 'FEMALE', 'A_POSITIVE', NOW()),
('Farhan Qureshi', '1989-04-13', 'farhan.qureshi@example.com', 'MALE', 'B_POSITIVE', NOW()),
('Gautam Sharma', '1993-08-27', 'gautam.sharma@example.com', 'MALE', 'AB_NEGATIVE', NOW()),
('Hema Venkatesh', '1996-03-04', 'hema.venkatesh@example.com', 'FEMALE', 'O_NEGATIVE', NOW()),
('Ishan Tiwari', '1987-01-20', 'ishan.tiwari@example.com', 'MALE', 'A_POSITIVE', NOW()),
('Jhanvi Mehta', '1994-10-16', 'jhanvi.mehta@example.com', 'FEMALE', 'B_POSITIVE', NOW()),
('Kiran Nair', '1990-07-08', 'kiran.nair@example.com', 'MALE', 'AB_POSITIVE', NOW()),
('Lakshmi Iyer', '1988-11-23', 'lakshmi.iyer@example.com', 'FEMALE', 'O_POSITIVE', NOW()),
('Mohit Chavan', '1992-05-31', 'mohit.chavan@example.com', 'MALE', 'A_NEGATIVE', NOW()),
('Nandini Raj', '1995-09-26', 'nandini.raj@example.com', 'FEMALE', 'B_NEGATIVE', NOW()),
('Omkar Singh', '1989-12-07', 'omkar.singh@example.com', 'MALE', 'AB_POSITIVE', NOW()),
('Pallavi Kulkarni', '1993-04-19', 'pallavi.kulkarni@example.com', 'FEMALE', 'O_POSITIVE', NOW()),
('Qasim Khan', '1991-08-02', 'qasim.khan@example.com', 'MALE', 'A_POSITIVE', NOW()),
('Ritu Dasgupta', '1996-06-15', 'ritu.dasgupta@example.com', 'FEMALE', 'B_POSITIVE', NOW()),
('Siddharth Bansal', '1986-02-28', 'siddharth.bansal@example.com', 'MALE', 'AB_NEGATIVE', NOW()),
('Tanvi Kapoor', '1994-03-11', 'tanvi.kapoor@example.com', 'FEMALE', 'O_NEGATIVE', NOW());

INSERT INTO doctor (name, email, specialization) VALUES
('Dr. James Anderson', 'james.anderson@hospital.com', 'Cardiology'),
('Dr. Maria Garcia', 'maria.garcia@hospital.com', 'Neurology'),
('Dr. David Lee', 'david.lee@hospital.com', 'Pediatrics'),
('Dr. Lisa Chen', 'lisa.chen@hospital.com', 'Dermatology'),
('Dr. Kevin Patel', 'kevin.patel@hospital.com', 'Orthopedics'),
('Dr. Amanda Taylor', 'amanda.taylor@hospital.com', 'Gynecology'),
('Dr. Brian Miller', 'brian.miller@hospital.com', 'Oncology'),
('Dr. Rachel Kim', 'rachel.kim@hospital.com', 'Psychiatry'),
('Dr. Thomas Clark', 'thomas.clark@hospital.com', 'Radiology'),
('Dr. Jennifer Wright', 'jennifer.wright@hospital.com', 'Surgery'),
('Dr. Robert Brown', 'robert.brown@hospital.com', 'Cardiology'),
('Dr. Sarah Wilson', 'sarah.wilson@hospital.com', 'Neurology'),
('Dr. Michael Davis', 'michael.davis@hospital.com', 'Pediatrics'),
('Dr. Emily Johnson', 'emily.johnson@hospital.com', 'Dermatology'),
('Dr. Christopher Martin', 'christopher.martin@hospital.com', 'Orthopedics'),
('Dr. Jessica Thompson', 'jessica.thompson@hospital.com', 'Gynecology'),
('Dr. Daniel White', 'daniel.white@hospital.com', 'Oncology'),
('Dr. Ashley Harris', 'ashley.harris@hospital.com', 'Psychiatry'),
('Dr. Matthew Robinson', 'matthew.robinson@hospital.com', 'Radiology'),
('Dr. Samantha Lewis', 'samantha.lewis@hospital.com', 'Surgery'),
('Dr. Andrew Walker', 'andrew.walker@hospital.com', 'Cardiology'),
('Dr. Brittany Hall', 'brittany.hall@hospital.com', 'Neurology'),
('Dr. Joshua Allen', 'joshua.allen@hospital.com', 'Pediatrics'),
('Dr. Victoria Young', 'victoria.young@hospital.com', 'Dermatology'),
('Dr. Nicholas King', 'nicholas.king@hospital.com', 'Orthopedics'),
('Dr. Stephanie Scott', 'stephanie.scott@hospital.com', 'Gynecology'),
('Dr. Jonathan Green', 'jonathan.green@hospital.com', 'Oncology'),
('Dr. Lauren Adams', 'lauren.adams@hospital.com', 'Psychiatry'),
('Dr. Tyler Nelson', 'tyler.nelson@hospital.com', 'Radiology'),
('Dr. Megan Carter', 'megan.carter@hospital.com', 'Surgery');

INSERT INTO insurance (policy_number, provider, valid_until, created_at) VALUES
('POL123456', 'Blue Cross', '2025-12-31', NOW()),
('POL789012', 'Aetna', '2024-06-30', NOW()),
('POL345678', 'Cigna', '2025-03-15', NOW()),
('POL901234', 'UnitedHealth', '2024-12-31', NOW()),
('POL567890', 'Kaiser', '2025-09-20', NOW()),
('POL111213', 'Humana', '2024-08-15', NOW()),
('POL141516', 'Molina', '2024-10-31', NOW()),
('POL171819', 'Anthem', '2025-07-31', NOW()),
('POL202122', 'Centene', '2024-09-30', NOW()),
('POL232425', 'HCSC', '2025-01-31', NOW()),
('POL262728', 'MetLife', '2024-11-30', NOW()),
('POL293031', 'WellCare', '2025-04-15', NOW()),
('POL323334', 'Oscar Health', '2024-07-20', NOW()),
('POL353637', 'Bright Health', '2025-02-28', NOW()),
('POL383940', 'Alignment Health', '2024-08-31', NOW()),
('POL414243', 'Devoted Health', '2025-05-31', NOW()),
('POL444546', 'Clover Health', '2024-09-15', NOW()),
('POL474849', 'Friday Health', '2025-03-31', NOW()),
('POL505152', 'Harvard Pilgrim', '2024-10-15', NOW()),
('POL535455', 'Tufts Health', '2025-06-30', NOW()),
('POL565758', 'Premera Blue', '2024-12-15', NOW()),
('POL596061', 'Independence Blue', '2025-08-31', NOW()),
('POL626364', 'Florida Blue', '2024-11-15', NOW()),
('POL656667', 'Highmark Blue', '2025-01-15', NOW()),
('POL686970', 'CareFirst Blue', '2024-10-31', NOW());

-- Insert departments
INSERT INTO department (name, head_doctor_id) VALUES
('Cardiology', 1),
('Neurology', 2),
('Pediatrics', 3),
('Dermatology', 4),
('Orthopedics', 5),
('Gynecology', 6),
('Oncology', 7),
('Psychiatry', 8),
('Radiology', 9),
('Surgery', 10);

INSERT INTO department_doctors (departments_id, doctors_id) VALUES
-- Cardiology
(1, 1), (1, 11), (1, 21),
-- Neurology
(2, 2), (2, 12), (2, 22),
-- Pediatrics
(3, 3), (3, 13), (3, 23),
-- Dermatology
(4, 4), (4, 14), (4, 24),
-- Orthopedics
(5, 5), (5, 15), (5, 25),
-- Gynecology
(6, 6), (6, 16), (6, 26),
-- Oncology
(7, 7), (7, 17), (7, 27),
-- Psychiatry
(8, 8), (8, 18), (8, 28),
-- Radiology
(9, 9), (9, 19), (9, 29),
-- Surgery
(10, 10), (10, 20), (10, 30);

UPDATE patient SET insurance_id = NULL;
WITH random_patients AS (
    SELECT id, ROW_NUMBER() OVER () as rn
    FROM (SELECT id FROM patient ORDER BY RANDOM() LIMIT 25) AS sub
)
UPDATE patient
SET insurance_id = rp.rn
FROM random_patients rp
WHERE patient.id = rp.id;
